timestamp,open,high,low,close,volume
2025-04-17,1577.33,1615.37,1565.33,1581.92,742.73740974
2025-04-18,1583.82,1600.0,1574.19,1588.98,378.04106495
2025-04-19,1588.48,1630.3,1586.47,1614.47,1650.29744898
2025-04-20,1613.08,1617.87,1566.0,1585.97,570.35208591
2025-04-21,1587.67,1655.57,1563.7,1579.69,1167.03789829
2025-04-22,1579.5,1775.94,1539.85,1755.68,4181.38045233
2025-04-23,1757.3,1832.92,1747.04,1795.61,1368.24373878
2025-04-24,1796.53,1801.0,1723.85,1769.4,577.75957682
2025-04-25,1769.69,1825.17,1740.26,1785.32,2404.41121867
2025-04-26,1791.34,1842.9,1780.01,1822.25,977.87008171
2025-04-27,1822.23,1855.24,1784.0,1793.45,402.11399053
2025-04-28,1791.74,1826.49,1747.24,1798.2,1055.550895
2025-04-29,1799.43,1841.9,1782.92,1799.12,945.38483725
2025-04-30,1799.03,1815.81,1733.67,1792.41,631.19817865
2025-05-01,1793.8,1871.07,1793.8,1839.59,789.20534575
2025-05-02,1837.93,1870.0,1815.18,1841.6,748.27525611
2025-05-03,1842.2,1846.35,1811.75,1833.35,159.9420589
2025-05-04,1833.91,1848.1,1804.51,1808.93,183.46989355
2025-05-05,1808.05,1831.58,1783.45,1819.78,951.78985571
2025-05-06,1819.85,1820.24,1752.76,1814.85,1467.24128094
2025-05-07,1816.98,1849.0,1788.41,1811.04,1552.67384624
2025-05-08,1814.7,2223.61,1810.94,2207.75,3169.27771327
2025-05-09,2206.94,2486.46,2185.46,2345.19,2971.01394999
2025-05-10,2345.35,2598.22,2319.86,2580.59,2198.53077817
2025-05-11,2581.88,2605.67,2438.97,2510.24,1903.35827406
2025-05-12,2514.77,2622.0,2407.62,2493.75,2435.38844599
2025-05-13,2495.5,2736.67,2416.55,2678.92,2641.204644
2025-05-14,2679.37,2722.48,2550.0,2606.3,1309.02786152
2025-05-15,2609.8,2644.95,2478.43,2548.1,1767.54809159
2025-05-16,2548.6,2645.83,2532.61,2536.07,1509.90059002
2025-05-17,2536.69,2536.69,2446.49,2475.54,1406.13541767
2025-05-18,2475.36,2584.95,2320.0,2495.94,2082.39798521
2025-05-19,2496.6,2544.33,2350.0,2527.59,2045.01297345
2025-05-20,2528.15,2583.67,2445.2,2521.23,1885.44239444
2025-05-21,2524.1,2613.21,2454.5,2547.38,2907.6907981
2025-05-22,2552.0,2689.99,2547.42,2662.13,2576.7627081
2025-05-23,2663.81,2731.11,2501.31,2524.02,3529.93628872
2025-05-24,2526.7,2573.7,2515.51,2530.73,644.39278515
2025-05-25,2529.35,2552.33,2462.84,2549.53,1551.73977871
2025-05-26,2551.14,2597.59,2526.23,2563.67,1043.65071057
2025-05-27,2563.46,2711.83,2511.37,2663.74,2901.66755221
2025-05-28,2659.47,2686.49,2608.39,2678.38,3752.47011136
2025-05-29,2681.0,2787.16,2620.92,2633.41,2495.78233329
2025-05-30,2630.94,2646.4,2510.0,2530.08,2324.94372094
2025-05-31,2531.52,2548.55,2478.0,2528.17,736.85959556
2025-06-01,2528.1,2547.42,2469.18,2536.61,698.89752569
2025-06-02,2539.84,2614.31,2476.76,2605.54,1378.62063834
2025-06-03,2607.08,2653.73,2575.0,2591.77,1713.26006164
2025-06-04,2592.98,2677.33,2586.42,2607.85,2329.37060155
2025-06-05,2607.44,2638.26,2394.24,2419.36,1882.85925747
2025-06-06,2414.96,2528.29,2384.34,2475.55,2123.53546413
2025-06-07,2473.74,2542.45,2459.28,2524.61,1117.37273503
2025-06-08,2524.65,2545.61,2493.68,2509.84,1189.51536962
2025-06-09,2509.39,2692.12,2479.9,2681.29,1610.56573519
2025-06-10,2680.3,2824.0,2657.82,2812.55,4614.73658584
2025-06-11,2815.46,2878.39,2744.42,2772.5,3187.64702311
2025-06-12,2771.17,2781.75,2620.0,2643.02,1924.33791935
2025-06-13,2642.35,2645.73,2441.05,2579.88,4127.24790604
2025-06-14,2575.99,2575.99,2491.01,2532.29,695.44632643
2025-06-15,2531.35,2557.63,2493.26,2546.1,1231.77730859
2025-06-16,2546.35,2678.1,2516.94,2539.78,2189.76948983
2025-06-17,2537.38,2615.72,2456.14,2509.78,2182.94235755
2025-06-18,2518.77,2545.54,2470.0,2522.48,1270.77500921
2025-06-19,2526.11,2547.48,2485.76,2522.49,870.73361659
2025-06-20,2521.27,2567.97,2368.98,2407.12,2083.50326421
2025-06-21,2404.86,2446.32,2215.19,2295.25,2113.6029012
2025-06-22,2299.5,2313.41,2114.87,2225.43,2297.29481058
2025-06-23,2227.1,2438.47,2191.79,2412.11,2842.42807446
2025-06-24,2412.41,2480.83,2377.05,2445.63,2200.47249194
2025-06-25,2447.31,2466.64,2390.94,2418.95,1624.84641954
2025-06-26,2418.84,2518.0,2394.91,2415.78,2310.50501294
2025-06-27,2415.51,2461.18,2382.64,2422.36,1035.06128746
2025-06-28,2421.64,2445.81,2406.73,2437.21,241.59047226
2025-06-29,2435.0,2523.25,2412.31,2500.02,656.72677375
2025-06-30,2503.97,2521.79,2436.0,2486.54,1087.89051446
2025-07-01,2486.69,2498.34,2388.33,2405.33,1335.60013223
2025-07-02,2404.01,2615.92,2373.81,2569.58,2301.28867196
2025-07-03,2569.47,2633.35,2557.49,2590.82,2324.08333096
2025-07-04,2591.2,2598.31,2475.11,2508.26,1585.25819874
2025-07-05,2509.99,2528.98,2489.86,2518.03,378.04114098
2025-07-06,2516.91,2602.2,2506.09,2570.45,1252.10398579
2025-07-07,2570.79,2588.0,2514.3,2542.41,1088.56881956
2025-07-08,2541.39,2626.54,2526.19,2615.4,2519.9094945
2025-07-09,2615.83,2795.0,2592.12,2769.73,8695.31988179
2025-07-10,2770.74,3001.9,2756.89,2951.64,6428.06571869
2025-07-11,2950.11,3037.11,2915.41,2958.59,3167.01248168
2025-07-12,2957.93,2978.35,2906.3,2945.69,1032.71444458
2025-07-13,2943.4,3017.87,2939.11,2976.28,19191.65566663
2025-07-14,2972.93,3079.82,2963.51,3012.0,3931.38908843
2025-07-15,3013.61,3143.54,2933.39,3140.1,3101.28597812
2025-07-16,3139.51,3422.48,3101.92,3373.97,4060.73241786
2025-07-17,3371.29,3523.87,3314.1,3473.76,2767.44807418
2025-07-18,3477.22,3671.55,3461.4,3545.08,6160.50133776
2025-07-19,3546.21,3603.64,3510.34,3594.38,835.28998316
2025-07-20,3592.16,3821.44,3580.22,3757.38,2696.38616994
2025-07-21,3756.7,3854.61,3702.15,3762.99,3402.01383231
2025-07-22,3762.99,3796.02,3617.61,3748.07,4158.82680845
2025-07-23,3746.54,3760.56,3529.11,3628.48,3855.76077667
2025-07-24,3628.52,3769.8,3513.64,3706.94,3531.86492001
2025-07-25,3707.73,3744.62,3576.41,3728.03,2203.75798486
2025-07-26,3725.25,3791.06,3702.03,3740.69,1202.91681741
2025-07-27,3741.68,3876.68,3731.36,3871.48,1802.85685151
2025-07-28,3872.95,3938.54,3756.82,3794.69,2702.25753534
2025-07-29,3798.98,3883.65,3719.7,3786.26,2376.64185936
2025-07-30,3793.61,3830.75,3673.91,3808.71,1178.12237139
2025-07-31,3809.88,3876.93,3684.6,3695.63,1570.87446566
2025-08-01,3697.91,3721.3,3433.07,3488.84,5640.20913496
2025-08-02,3487.88,3535.65,3369.57,3393.68,3000.28775387
2025-08-03,3393.65,3521.81,3357.0,3497.13,1020.58657346
2025-08-04,3496.8,3733.02,3491.61,3719.65,1150.14773535
2025-08-05,3720.91,3720.92,3549.04,3612.23,1584.94008692
2025-08-06,3612.23,3697.37,3567.1,3683.59,2215.93204665
2025-08-07,3682.64,3924.17,3649.46,3910.1,2431.98403772
2025-08-08,3911.35,4067.3,3881.38,4008.16,6921.43090637
2025-08-09,4009.25,4322.34,4007.84,4260.7,3353.92279669
2025-08-10,4260.77,4328.72,4163.51,4254.18,2903.97039199
2025-08-11,4251.15,4362.1,4167.49,4229.45,5390.62533827
2025-08-12,4223.12,4636.36,4223.12,4590.83,4689.17367205
2025-08-13,4589.48,4780.37,4566.12,4761.54,5724.22571831
2025-08-14,4749.5,4787.86,4444.0,4545.82,7484.92577681
2025-08-15,4548.48,4666.61,4369.0,4435.12,4534.6073993
2025-08-16,4439.74,4488.0,4375.82,4421.92,1189.07873921
2025-08-17,4421.92,4571.55,4398.9,4472.08,2244.03892047
2025-08-18,4472.66,4478.9,4230.09,4311.46,2895.16901764
2025-08-19,4312.82,4348.96,4068.64,4071.48,2865.53722692
2025-08-20,4075.8,4375.86,4066.75,4334.28,3037.3205816
2025-08-21,4337.01,4339.33,4204.83,4226.07,1136.04014277
2025-08-22,4224.84,4882.97,4207.88,4831.0,4240.2667811
2025-08-23,4831.02,4831.02,4665.72,4778.37,1209.65856043
2025-08-24,4778.11,4954.0,4714.02,4779.22,3436.01385153
2025-08-25,4781.43,4796.1,4337.76,4376.58,2802.54243
2025-08-26,4377.44,4631.69,4315.5,4597.43,2064.92021458
2025-08-27,4601.1,4663.51,4484.3,4506.4,1383.16798791
2025-08-28,4507.41,4624.77,4432.53,4509.89,2590.17012485
2025-08-29,4511.36,4512.15,4269.15,4359.83,2837.83785206
2025-08-30,4360.48,4410.81,4260.0,4373.48,746.97332473
2025-08-31,4374.21,4494.31,4373.7,4391.08,843.40890164
2025-09-01,4392.19,4488.19,4215.22,4314.39,1239.44359753
2025-09-02,4314.96,4412.92,4260.18,4325.4,2053.83872676
2025-09-03,4326.89,4486.91,4287.17,4446.24,1397.89078965
2025-09-04,4450.72,4482.49,4268.94,4298.54,879.24210815
2025-09-05,4298.21,4487.0,4259.4,4307.48,1274.52365878
2025-09-06,4307.74,4326.49,4236.51,4271.98,503.11381815
2025-09-07,4273.48,4333.62,4271.31,4303.28,450.00879709
2025-09-08,4305.67,4380.33,4281.8,4308.93,968.23813046
2025-09-09,4305.98,4379.52,4277.9,4308.91,965.27532936
2025-09-10,4310.18,4454.09,4285.91,4349.43,1800.51603942
2025-09-11,4349.92,4477.68,4340.1,4461.57,2795.64659474
2025-09-12,4459.42,4748.69,4452.18,4711.8,1338.47479306
2025-09-13,4712.22,4763.82,4609.77,4667.55,1010.61984009
2025-09-14,4666.55,4688.74,4580.28,4611.85,2644.9298722
2025-09-15,4608.34,4667.66,4468.69,4523.43,1480.34519257
2025-09-16,4524.02,4535.83,4425.43,4503.55,2277.79592625
2025-09-17,4501.96,4613.89,4422.15,4591.55,3270.25696257
2025-09-18,4590.77,4642.1,4557.35,4588.73,1979.1903993
2025-09-19,4588.74,4617.99,4438.87,4461.64,695.11546611
2025-09-20,4469.5,4505.26,4456.96,4479.52,1304.55579304
2025-09-21,4480.69,4498.77,4445.79,4445.79,3924.60061879
2025-09-22,4445.86,4454.43,4047.79,4199.39,4936.27620907
2025-09-23,4199.74,4225.89,4118.88,4164.62,1736.18012822
2025-09-24,4164.25,4203.01,4075.0,4153.65,2975.15107263
2025-09-25,4153.04,4161.1,3825.01,3870.44,3988.43017528
2025-09-26,3875.13,4066.75,3872.96,4032.23,3343.60811112
2025-09-27,4032.48,4039.82,3976.61,4016.35,487.27531873
2025-09-28,4018.46,4143.41,3967.65,4143.41,829.05349658
2025-09-29,4142.98,4232.26,4086.52,4216.45,911.1883553
2025-09-30,4216.02,4242.79,4094.62,4145.65,2960.67059842
2025-10-01,4146.09,4353.65,4127.0,4345.29,1833.10700654
2025-10-02,4349.02,4516.12,4335.69,4485.58,2645.84091676
2025-10-03,4485.31,4588.91,4431.84,4513.89,2334.56321792
2025-10-04,4513.58,4519.07,4443.47,4486.1,2087.58900925
2025-10-05,4487.68,4615.83,4467.41,4514.77,2144.48721956
2025-10-06,4514.85,4731.98,4492.98,4688.65,2667.62867401
2025-10-07,4684.67,4756.29,4434.66,4448.43,1933.00791816
2025-10-08,4448.85,4555.0,4417.37,4527.06,3022.40467688
2025-10-09,4526.34,4530.17,4261.16,4368.7,3345.99574011
2025-10-10,4369.3,4393.39,3408.55,3833.49,9041.33100448
2025-10-11,3832.4,3933.04,3645.46,3746.29,2463.58984258
2025-10-12,3746.89,4196.34,3698.52,4158.33,4800.68939478
2025-10-13,4152.43,4286.79,4037.06,4241.18,2940.5795282
2025-10-14,4241.17,4258.64,3888.54,4121.72,4350.34005097
2025-10-15,4124.72,4210.98,3932.14,3986.32,2649.77011389
2025-10-16,3986.33,4082.56,3826.87,3894.9,2294.99159939
2025-10-17,3894.9,3950.07,3678.98,3831.53,1801.33379893
2025-10-18,3831.72,3926.23,3821.26,3888.27,529.13732456
2025-10-19,3888.83,4025.19,3828.23,3985.61,1276.308305
2025-10-20,3982.85,4081.51,3912.48,3980.63,1112.17687177
2025-10-21,3979.79,4108.22,3841.77,3874.78,1290.57981248
2025-10-22,3873.42,3886.41,3712.48,3808.72,1303.50224295
2025-10-23,3805.58,3931.57,3797.47,3856.04,1205.18772689
2025-10-24,3857.61,4023.34,3848.65,3932.99,992.76801672
2025-10-25,3935.0,3967.11,3916.66,3952.43,217.33212739
2025-10-26,3953.63,4176.5,3921.0,4158.56,638.97660891
2025-10-27,4158.52,4250.0,4098.21,4119.71,1499.86094159
2025-10-28,4120.38,4173.66,3935.29,3981.0,1787.17680529
2025-10-29,3980.51,4032.96,3844.31,3904.84,1409.82578532
2025-10-30,3903.25,3947.36,3681.8,3803.87,2440.97234009
2025-10-31,3805.69,3907.84,3798.75,3850.08,919.08216046
2025-11-01,3848.13,3880.66,3834.33,3876.07,382.40697609
2025-11-02,3873.4,3914.68,3844.44,3914.68,1103.9711843
2025-11-03,3906.39,3910.79,3562.78,3603.82,2429.1768386
2025-11-04,3603.3,3650.97,3060.0,3299.01,4279.50378928
2025-11-05,3286.95,3478.95,3170.78,3424.5,2018.98441132
2025-11-06,3424.97,3454.26,3245.84,3313.93,1969.70390609
2025-11-07,3315.52,3487.26,3185.84,3435.68,10414.37032952
2025-11-08,3436.69,3485.48,3359.07,3401.11,488.68204446
2025-11-09,3401.52,3616.72,3361.0,3583.01,1215.86181272
2025-11-10,3583.65,3657.48,3509.0,3570.59,857.26483763
2025-11-11,3568.02,3648.5,3405.82,3418.76,3161.75197953
2025-11-12,3418.43,3586.34,3373.08,3414.52,1044.08944613
2025-11-13,3415.81,3563.5,3156.68,3235.76,1954.42310908
2025-11-14,3232.7,3253.41,3075.0,3103.54,2258.80526451
2025-11-15,3113.17,3229.7,3110.5,3167.93,1420.179134
2025-11-16,3168.16,3246.16,3008.16,3096.01,1967.45083145
2025-11-17,3096.04,3222.16,2958.43,3029.0,1435.15281192
2025-11-18,3029.57,3170.88,2946.84,3123.66,2094.24835707
2025-11-19,3123.46,3123.97,2874.83,3027.7,1917.08469365
2025-11-20,3025.68,3060.89,2790.15,2837.84,2301.31911861
2025-11-21,2834.32,2883.16,2626.55,2765.72,3112.53608396
2025-11-22,2766.15,2797.14,2705.6,2770.63,1290.35912742
2025-11-23,2770.63,2856.76,2769.24,2801.78,768.26057594
2025-11-24,2802.19,2984.14,2765.54,2953.77,1432.42933725
2025-11-25,2953.71,2977.55,2859.02,2959.57,2045.26378538
2025-11-26,2959.52,3044.58,2892.4,3027.83,1653.16131835
2025-11-27,3027.84,3068.21,2988.0,3015.99,2927.17345995
2025-11-28,3015.98,3097.2,2997.98,3032.8,1624.0982577
2025-11-29,3032.01,3049.57,2962.0,2991.87,2256.04936823
2025-11-30,2989.68,3050.53,2979.0,2992.02,717.46053621
2025-12-01,2992.58,3000.0,2721.85,2800.16,2699.0146379
2025-12-02,2799.47,3034.04,2784.82,2996.73,1382.41801248
2025-12-03,2996.22,3213.8,2985.67,3188.89,4708.68410239
2025-12-04,3188.99,3238.53,3070.45,3134.48,2139.22516247
2025-12-05,3134.11,3192.58,2986.11,3023.1,2887.82604933
2025-12-06,3022.07,3069.21,3013.46,3038.61,270.71064158
2025-12-07,3038.16,3149.27,2915.47,3059.35,1149.17841728
2025-12-08,3060.29,3179.33,3044.96,3124.64,1914.7246552
2025-12-09,3124.85,3396.15,3091.73,3321.73,2914.33900016
2025-12-10,3317.51,3446.46,3288.2,3324.27,2583.81780063
2025-12-11,3324.48,3327.22,3148.2,3237.22,2834.13207808
2025-12-12,3237.42,3264.78,3046.77,3083.83,1970.98598812
2025-12-13,3084.56,3134.55,3080.0,3114.36,960.52525416
2025-12-14,3114.91,3128.46,3026.69,3061.09,1610.92018449
2025-12-15,3062.95,3175.0,2894.08,2961.76,2685.3127167
2025-12-16,2965.12,2981.04,2877.0,2964.61,1196.38184544
2025-12-17,2962.09,3028.39,2792.32,2830.99,3079.60272805
2025-12-18,2833.67,2995.65,2776.38,2827.81,3731.27071838
2025-12-19,2828.93,3014.75,2808.42,2979.47,2220.60280144
2025-12-20,2979.78,2993.21,2968.19,2977.69,602.74991876
2025-12-21,2978.03,3011.02,2946.16,3004.57,1553.98523314
2025-12-22,3002.34,3077.25,2964.69,3008.1,1233.61743611
2025-12-23,3009.99,3035.07,2902.27,2964.7,1276.00684935
2025-12-24,2965.29,2976.84,2889.79,2947.73,1024.80910867
2025-12-25,2947.65,2971.18,2892.73,2905.39,425.10072611
2025-12-26,2903.69,2991.7,2896.24,2928.52,725.7623725
2025-12-27,2928.73,2961.47,2918.15,2948.52,580.50880715
2025-12-28,2950.24,2958.24,2927.17,2950.86,472.68913753
2025-12-29,2951.07,3054.7,2910.81,2938.4,2502.66781612
2025-12-30,2936.63,3008.29,2920.35,2974.83,911.09952064
2025-12-31,2972.96,3026.76,2960.14,2971.27,499.1290479
2026-01-01,2972.73,3010.03,2972.73,3003.82,293.40395172
2026-01-02,3003.66,3148.13,2992.84,3124.87,4577.4218746
2026-01-03,3124.41,3135.46,3077.01,3126.99,1615.39791655
2026-01-04,3127.8,3166.67,3118.61,3143.54,610.55069598
2026-01-05,3145.09,3264.37,3136.72,3225.2,1542.91431216
2026-01-06,3228.07,3307.28,3185.06,3299.05,1106.65274576
2026-01-07,3292.5,3292.5,3126.9,3169.93,2007.6494156
2026-01-08,3169.41,3183.28,3054.93,3107.19,1474.4972341
2026-01-09,3106.14,3145.54,3061.0,3086.48,1078.50940664
2026-01-10,3086.75,3103.0,3078.84,3087.98,309.92570879
2026-01-11,3086.3,3146.84,3084.39,3122.59,433.76824336
2026-01-12,3123.11,3170.92,3066.72,3095.47,1419.86254607
2026-01-13,3094.81,3375.62,3091.74,3324.45,2392.74551547
2026-01-14,3324.74,3401.78,3281.21,3354.24,2972.60549877
2026-01-15,3354.95,3383.87,3272.65,3318.03,1071.61612989
2026-01-16,3318.7,3326.18,3253.38,3297.28,941.03853984
2026-01-17,3296.35,3329.85,3284.4,3310.08,372.58111861
2026-01-18,3307.79,3367.86,3280.0,3282.32,553.01501166
2026-01-19,3276.81,3276.81,3165.68,3188.53,2327.08492672
2026-01-20,3188.9,3199.29,2917.27,2939.84,2767.06962715
2026-01-21,2940.86,3068.18,2865.98,2981.83,3338.24519599
2026-01-22,2985.59,3037.69,2907.66,2952.41,1217.80930567
2026-01-23,2953.0,3020.44,2894.24,2957.17,1176.75549286
2026-01-24,2958.05,2969.02,2945.85,2953.19,310.65501545
2026-01-25,2954.62,2959.66,2787.19,2818.94,2134.07804449
2026-01-26,2816.35,2950.0,2813.44,2929.65,1844.72151769
2026-01-27,2930.98,3035.0,2900.4,3026.47,1476.02714667
2026-01-28,3027.27,3044.66,2985.33,3008.27,1680.29904931
2026-01-29,3011.27,3011.27,2752.49,2824.18,1878.13715853
2026-01-30,2822.54,2828.75,2634.89,2706.57,4459.89648347
2026-01-31,2706.34,2714.16,2244.6,2451.66,6207.45663569
2026-02-01,2452.51,2475.7,2222.07,2269.71,4500.873965
2026-02-02,2270.63,2395.63,2158.0,2346.64,8310.63971376
2026-02-03,2344.4,2360.28,2110.46,2233.89,5245.88133483
2026-02-04,2231.86,2295.36,2078.11,2147.96,8052.47566917
2026-02-05,2147.96,2171.73,1819.06,1827.08,13684.8088844
2026-02-06,1826.93,2093.25,1747.93,2064.27,9464.17319767
2026-02-07,2063.59,2123.48,1996.52,2087.13,5648.52183473
2026-02-08,2087.71,2150.96,2066.94,2088.37,2740.37641011
2026-02-09,2089.91,2146.48,2010.0,2102.46,4515.19735186
2026-02-10,2105.17,2123.66,1989.57,2020.65,2686.35112161
2026-02-11,2022.72,2030.97,1892.72,1941.55,4819.06089474
2026-02-12,1941.74,2000.0,1898.11,1948.73,2135.34993663
2026-02-13,1948.0,2071.2,1925.25,2049.22,1511.75210628
2026-02-14,2048.93,2107.06,2043.22,2086.14,971.87770766
2026-02-15,2086.37,2102.93,1929.19,1966.26,2582.98386963
2026-02-16,1966.74,2022.74,1939.07,1998.49,1249.67103896
2026-02-17,1998.49,2015.38,1941.91,1991.5,1429.85950899
2026-02-18,1992.41,2038.72,1923.85,1955.66,1756.57780561
2026-02-19,1954.87,1986.75,1907.94,1948.83,1302.49632016
2026-02-20,1948.09,1980.65,1924.45,1969.13,1071.58883766
2026-02-21,1968.4,1995.54,1956.43,1973.77,708.10829162
2026-02-22,1973.17,1982.15,1935.84,1959.91,470.18283476
2026-02-23,1953.75,1955.92,1838.23,1856.15,3101.16369621
2026-02-24,1857.93,1868.32,1800.93,1852.43,2039.80565048
2026-02-25,1850.13,2148.99,1847.52,2056.36,3658.34606301
2026-02-26,2052.9,2083.17,1976.61,2026.64,3347.01348505
2026-02-27,2026.6,2062.97,1887.32,1929.51,3011.01251801
2026-02-28,1929.79,1984.49,1836.35,1964.74,4838.34285911
2026-03-01,1966.43,2053.97,1908.14,1939.72,3383.09186775
2026-03-02,1939.52,2087.81,1922.36,2027.95,2846.39039514
2026-03-03,2030.07,2040.91,1930.85,1982.42,2495.96561062
2026-03-04,1982.73,2198.92,1945.76,2129.8,3746.73713847
2026-03-05,2128.0,2163.04,2055.05,2071.47,2084.40393187
2026-03-06,2073.09,2093.56,1956.76,1978.64,2734.17775736
2026-03-07,1978.95,1995.84,1949.09,1969.1,905.76456235
2026-03-08,1970.02,1978.27,1913.42,1936.34,2334.31274887
2026-03-09,1937.28,2052.79,1930.83,1993.91,3242.92602293
2026-03-10,1992.73,2087.31,1992.37,2037.26,2406.74379038
2026-03-11,2036.24,2085.0,2007.49,2050.13,1671.06543405
2026-03-12,2051.82,2094.04,2018.44,2073.88,1743.56256882
2026-03-13,2072.9,2208.17,2071.31,2091.75,3501.22412982
2026-03-14,2091.71,2105.71,2061.85,2096.07,788.14025837
2026-03-15,2096.06,2201.8,2085.04,2176.69,3548.3296867
2026-03-16,2178.64,2384.94,2165.91,2351.87,5476.94456612
2026-03-17,2351.82,2375.73,2297.37,2317.55,3075.78465004
2026-03-18,2317.61,2348.26,2153.61,2203.26,2998.68850638
2026-03-19,2202.81,2233.03,2100.0,2138.24,2639.47796636
2026-03-20,2138.83,2176.67,2117.12,2145.84,2418.4882986
2026-03-21,2146.88,2167.26,2072.39,2084.69,1063.98498865
2026-03-22,2084.27,2126.23,2026.26,2054.31,2032.6950634
2026-03-23,2054.53,2200.02,2024.01,2151.93,3148.63678305
2026-03-24,2153.26,2174.66,2103.65,2156.73,1219.97050893
2026-03-25,2157.56,2199.23,2147.07,2169.02,1367.45647081
2026-03-26,2169.25,2171.75,2034.02,2060.19,2819.35836543
2026-03-27,2059.97,2076.02,1970.26,1991.75,2916.27385463
2026-03-28,1992.22,2045.49,1984.61,1994.82,934.09485066
2026-03-29,1994.47,2018.67,1939.47,1983.73,1051.96470726
2026-03-30,1984.8,2085.3,1981.26,2025.01,1543.37452921
2026-03-31,2026.8,2122.66,2013.24,2106.85,2158.61268164
2026-04-01,2105.23,2166.67,2081.89,2139.34,3346.68921301
2026-04-02,2140.22,2158.25,2018.69,2056.97,2079.42505766
2026-04-03,2057.7,2080.02,2042.21,2053.61,956.03563559
2026-04-04,2053.62,2083.3,2045.27,2065.62,432.99192298
2026-04-05,2064.87,2121.77,2022.47,2109.63,885.4166099
2026-04-06,2110.85,2174.09,2088.94,2109.66,2522.61629259
2026-04-07,2107.23,2274.01,2060.19,2242.67,2673.48391633
2026-04-08,2243.12,2269.92,2180.0,2190.65,1930.95839146
2026-04-09,2190.5,2244.75,2157.52,2189.64,1451.05756578
2026-04-10,2190.22,2257.7,2176.5,2244.21,1770.52580204
2026-04-11,2244.86,2329.12,2230.14,2284.97,1007.52168678
2026-04-12,2284.16,2287.44,2176.03,2191.78,736.71852072
2026-04-13,2191.5,2395.14,2175.54,2369.67,1660.03905562
2026-04-14,2369.79,2414.84,2304.47,2322.35,1958.32354607
2026-04-15,2321.7,2384.89,2310.0,2359.76,1022.39446949
2026-04-16,2360.29,2368.58,2285.2,2347.23,1222.73316789
2026-04-17,2348.51,2464.41,2317.74,2420.43,1673.935336
2026-04-18,2419.55,2426.14,2339.8,2350.4,1933.80054771
2026-04-19,2350.33,2355.41,2252.36,2262.57,2627.77067636
2026-04-20,2262.49,2345.57,2261.48,2314.04,2329.47752993
2026-04-21,2313.81,2338.88,2285.24,2327.26,1779.98143622
2026-04-22,2327.63,2423.19,2313.33,2375.41,3379.16420437
2026-04-23,2377.0,2379.68,2286.01,2331.16,1170.95876495
2026-04-24,2330.52,2336.1,2300.93,2315.09,1529.76733618
2026-04-25,2314.99,2323.19,2301.64,2318.62,1587.265329
2026-04-26,2319.34,2378.28,2307.87,2370.78,767.60963267
2026-04-27,2370.63,2403.29,2265.32,2303.38,828.07381123
2026-04-28,2303.81,2309.98,2257.98,2289.52,1859.45293095
2026-04-29,2288.74,2348.21,2216.17,2253.56,1756.22643771
2026-04-30,2253.57,2279.18,2232.53,2257.85,2467.43699211
2026-05-01,2257.85,2325.0,2257.85,2295.89,1163.69021646
2026-05-02,2295.9,2341.26,2293.6,2316.98,783.08296753
2026-05-03,2317.47,2355.38,2298.82,2322.95,2407.46158679
2026-05-04,2321.42,2397.0,2309.53,2347.14,2345.92754977
2026-05-05,2347.15,2398.96,2345.57,2360.84,1180.12746209
2026-05-06,2360.63,2424.11,2338.05,2351.2,1785.47459887
2026-05-07,2351.07,2352.61,2280.0,2291.26,1278.96776565
2026-05-08,2291.57,2321.39,2266.21,2307.48,1240.31981081
2026-05-09,2307.49,2337.93,2300.18,2328.11,642.27308379
2026-05-10,2326.68,2380.61,2312.52,2370.42,3173.65346281
2026-05-11,2371.86,2374.14,2306.02,2339.92,1287.17422142
2026-05-12,2339.59,2339.59,2257.0,2274.83,1490.38496656
2026-05-13,2275.15,2322.98,2234.55,2257.69,634.18665586
2026-05-14,2259.14,2319.48,2239.32,2282.91,1145.35467138
2026-05-15,2283.58,2299.86,2205.87,2224.95,1755.87329243
2026-05-16,2224.64,2231.02,2163.43,2180.9,540.53819581
2026-05-17,2181.1,2197.85,2092.17,2131.37,1003.76511855
2026-05-18,2131.08,2157.99,2079.2,2129.97,1953.15760894
2026-05-19,2129.97,2145.04,2096.27,2112.14,803.3094363
2026-05-20,2112.07,2148.21,2104.06,2129.47,1400.15282993
2026-05-21,2129.73,2156.28,2105.05,2134.98,797.03221139
2026-05-22,2133.95,2140.81,2058.31,2066.53,1187.38328174
2026-05-23,2066.48,2149.45,2010.0,2117.77,1207.0807674
2026-05-24,2118.61,2130.29,2064.15,2100.74,1125.07704821
2026-05-25,2099.85,2141.46,2092.56,2114.07,849.56878199
2026-05-26,2113.6,2140.05,2055.71,2074.54,992.41203386
2026-05-27,2074.66,2096.52,2017.28,2025.71,1118.72144109
2026-05-28,2024.55,2029.65,1967.57,2009.59,2088.10810827
2026-05-29,2011.07,2045.58,1977.79,2013.78,1201.89520521
2026-05-30,2015.0,2031.9,2001.92,2022.12,510.79540781
2026-05-31,2023.62,2036.58,1994.36,2007.49,634.68536642
2026-06-01,2006.99,2020.48,1957.55,2006.81,2066.44142354
2026-06-02,2006.8,2007.08,1800.26,1862.29,4861.57452315
2026-06-03,1860.83,1891.73,1770.01,1812.97,4556.79988621
2026-06-04,1813.33,1819.6,1717.86,1770.63,3747.40274461
2026-06-05,1770.54,1772.75,1540.61,1583.38,6801.71597678
2026-06-06,1583.36,1601.1,1506.16,1569.49,2995.26717075
2026-06-07,1569.94,1720.05,1564.56,1690.58,4457.41399455
2026-06-08,1688.3,1714.38,1646.23,1689.42,3595.98065787
2026-06-09,1689.48,1695.52,1614.18,1639.25,2041.92295815
2026-06-10,1639.86,1666.64,1605.3,1621.62,1323.23907981
2026-06-11,1622.0,1692.81,1622.0,1672.87,2298.18489412
2026-06-12,1673.65,1690.78,1653.18,1666.29,1111.68297284
2026-06-13,1666.25,1695.56,1663.0,1681.13,845.28452192
2026-06-14,1680.87,1731.24,1655.36,1724.85,526.76677585
2026-06-15,1726.68,1847.96,1710.87,1795.7,2025.31132871
2026-06-16,1795.55,1839.32,1759.15,1793.11,1685.10221571
2026-06-17,1794.25,1807.69,1726.39,1749.75,1564.39421517
2026-06-18,1751.26,1762.41,1672.54,1711.12,1499.59555239
2026-06-19,1711.46,1718.4,1679.59,1711.56,1926.79128263
2026-06-20,1710.54,1749.0,1704.43,1741.27,709.58560097
2026-06-21,1741.01,1741.01,1703.56,1706.95,1407.85428466
2026-06-22,1707.28,1779.03,1707.28,1728.6,2105.89943443
2026-06-23,1727.49,1734.24,1636.01,1667.39,2486.94008404
2026-06-24,1667.07,1691.49,1553.19,1622.09,2661.87442282
2026-06-25,1622.08,1659.68,1532.17,1567.6,3536.9268133
2026-06-26,1568.93,1593.75,1512.66,1577.88,3092.08689806
2026-06-27,1578.83,1610.94,1563.91,1574.28,1714.59904962
2026-06-28,1573.4,1587.65,1549.89,1572.12,968.5733111
2026-06-29,1572.11,1636.93,1552.84,1612.61,2692.84573042
2026-06-30,1611.8,1613.92,1551.21,1571.35,2084.78305812
2026-07-01,1573.62,1644.84,1553.14,1609.59,3512.22863134
2026-07-02,1609.33,1724.02,1597.27,1700.58,2211.5470317
2026-07-03,1700.84,1775.0,1696.09,1758.35,1086.37020359
2026-07-04,1758.34,1806.21,1745.44,1780.72,1179.56296218
2026-07-05,1779.21,1807.57,1749.67,1785.53,1064.99294618
2026-07-06,1786.15,1833.03,1729.14,1799.47,2683.23256969
2026-07-07,1800.81,1810.72,1758.02,1768.69,1107.78771245
2026-07-08,1772.18,1783.0,1714.08,1743.66,1485.46909054
2026-07-09,1743.9,1761.97,1723.16,1746.05,1760.23439816
2026-07-10,1744.68,1811.03,1738.31,1796.94,2256.86971693
2026-07-11,1797.2,1830.6,1787.13,1790.49,1261.28569913
2026-07-12,1788.46,1825.14,1781.28,1806.49,1333.09486833
2026-07-13,1806.91,1848.09,1751.0,1776.0,1634.57721552
2026-07-14,1776.92,1896.1,1775.18,1890.85,2184.4898798
2026-07-15,1891.73,1946.05,1864.52,1917.67,2525.81060892
2026-07-16,1917.94,1929.0,1857.6,1865.35,1846.68627887
2026-07-17,1865.75,1870.51,1804.5,1842.42,1187.19389985
2026-07-18,1841.75,1865.87,1838.45,1862.34,754.30909715
2026-07-19,1862.91,1878.26,1853.7,1872.93,919.29522035
2026-07-20,1872.76,1917.04,1844.25,1904.42,1467.09238526
2026-07-21,1902.95,1952.0,1901.66,1929.76,1153.83305321
2026-07-22,1930.66,1956.41,1911.01,1933.47,1846.59893145
2026-07-23,1934.56,1941.15,1870.0,1878.57,1198.88841843
2026-07-24,1878.77,1909.99,1848.21,1861.85,1630.70507047
2026-07-25,1861.52,1876.9,1851.45,1874.75,520.66798572
2026-07-26,1874.5,1966.18,1874.5,1954.6,1881.62039703
2026-07-27,1955.51,1980.98,1883.36,1889.36,1610.34747978
2026-07-28,1893.17,1929.31,1857.01,1920.54,1650.48011244
2026-07-29,1922.76,1934.35,1874.65,1911.9,1322.37394439
2026-07-30,1912.28,1936.43,1895.14,1918.83,1238.18566263
2026-07-31,1918.84,1935.91,1849.94,1862.29,1630.68184348
2026-08-01,1862.79,1875.04,1822.3,1845.13,778.00428017
2026-08-02,1845.52,1897.93,1844.0,1884.59,1527.92500225
2026-08-03,1885.34,1885.34,1829.48,1859.99,948.76634799
2026-08-04,1859.47,1881.69,1849.0,1870.01,903.84433759
2026-08-05,1869.96,1927.7,1855.94,1908.75,1139.34018549
2026-08-06,1909.15,1919.68,1892.83,1903.35,1123.40817339
2026-08-07,1903.05,1941.06,1894.59,1914.43,1633.46047086
2026-08-08,1914.42,1926.21,1912.58,1918.17,892.11055455
2026-08-09,1916.85,1937.62,1908.35,1910.19,807.27976495
2026-08-10,1910.1,1930.45,1868.65,1873.13,843.59530408
2026-08-11,1872.9,1897.39,1854.09,1882.84,1153.77979895
2026-08-12,1882.9,1924.85,1873.83,1879.87,1013.06765104
2026-08-13,1880.01,1899.64,1863.98,1885.95,756.83582667
2026-08-14,1886.07,1890.9,1864.98,1882.03,780.47259029
2026-08-15,1881.96,1886.37,1875.89,1883.23,319.8161673
2026-08-16,1883.09,1892.15,1869.96,1875.93,502.70230203
2026-08-17,1876.19,1918.56,1873.87,1913.74,699.52583186
2026-08-18,1914.03,1922.89,1886.13,1918.57,1131.69993946
2026-08-19,1918.52,2332.74,1907.04,2253.23,6971.07754371
2026-08-20,2254.02,2359.27,2222.7,2327.36,4002.16896693
2026-08-21,2327.14,2546.33,2326.01,2515.56,6014.26843685
2026-08-22,2514.71,2528.86,2363.81,2424.76,3562.99348678
2026-08-23,2424.06,2484.26,2357.15,2462.58,2568.65883917
2026-08-24,2463.25,2531.9,2425.66,2482.84,1607.07712859
2026-08-25,2480.51,2531.32,2415.98,2442.6,1354.48420578
2026-08-26,2442.89,2513.8,2425.75,2506.54,1715.42970845
2026-08-27,2503.95,2565.62,2483.11,2510.82,1450.38174335
2026-08-28,2511.5,2533.98,2401.25,2441.74,2274.78275545
2026-08-29,2443.63,2448.18,2431.77,2435.73,240.37641732
